layer,neuron,value
15,11,0.23993164
17,12,0.32794923
17,25,0.34177735
17,30,0.25686035
19,11,0.3876953
19,37,0.25604248
20,1,0.26399413
20,4,0.23306641
20,29,0.32050782
20,34,0.3203906
21,24,0.24207032
22,5,0.36007813
22,7,0.25875977
24,10,0.23173828
24,18,0.23195313
25,12,0.30366212
