layer,neuron,value
13,17,1.473291
14,19,1.5407617
17,8,1.6076171
17,36,2.239707
17,37,1.9546679
18,19,2.2593336
18,28,2.173672
18,31,1.5232031
18,37,1.7059375
19,2,1.5355417
19,9,2.5707324
19,10,1.8939025
19,19,2.4203124
19,24,2.0808399
19,31,2.2955177
20,20,2.2451708
