layer,neuron,value
9,17,1.8703564
9,19,1.6308594
11,17,1.3351843
12,17,1.4578515
13,17,1.2565082
15,29,1.5321875
17,16,1.6450976
18,11,1.706615
18,29,1.3321785
19,7,1.5918603
19,11,1.6503906
19,16,1.8133936
19,21,1.6755078
19,22,1.2566773
28,3,1.318418
39,17,2.0976856
