layer,neuron,value
16,15,1.3297406
16,16,1.277157
26,15,1.0888134
26,20,1.1631006
26,23,1.189004
28,20,1.1077539
34,16,3.580625
35,16,1.9346875
38,16,2.0354688
39,16,1.2521484
42,16,2.8734374
43,16,3.5859375
44,16,1.5459375
45,16,1.2021875
47,30,1.2102344
