layer,neuron,value
9,26,4.050156
11,26,2.3740625
13,26,1.8551855
14,26,2.2134376
15,12,1.7911915
15,26,2.641621
16,26,2.7161865
17,2,2.6413429
17,26,2.6744385
18,26,1.9464843
19,2,2.2042284
19,24,2.1778028
20,17,3.0014844
21,26,1.9172852
22,26,2.646289
23,26,1.7769629
