layer,neuron,value
15,11,0.2371875
16,26,0.23011719
17,12,0.32535157
17,25,0.34543946
17,30,0.26259765
19,11,0.39138672
19,37,0.25918457
20,1,0.26127928
20,4,0.23398438
20,29,0.32052734
20,34,0.32149413
21,24,0.2391211
22,5,0.3609961
22,7,0.25917968
24,18,0.23552734
25,12,0.3025293
