layer,neuron,value
17,0,0.025287857
17,4,0.04483757
17,23,0.025242157
17,25,0.030770168
19,4,0.05260895
19,11,0.02935565
20,4,0.06522125
20,6,0.02538496
20,21,0.025911026
20,28,0.025634537
20,39,0.026844941
21,18,0.026687136
21,19,0.027818546
21,29,0.027469864
21,32,0.032601777
23,4,0.025492325
