layer,neuron,value
32,25,0.23009765
34,16,0.23414062
45,2,0.23052734
45,3,0.22470704
45,6,0.24095704
45,8,0.23988281
45,18,0.22884765
45,22,0.2409375
45,26,0.24447265
45,27,0.2325
47,2,0.2158789
47,5,0.21460937
47,8,0.21628906
47,20,0.21771485
47,26,0.25923827
