layer,neuron,value
11,8,0.7712647
12,8,0.75908935
12,16,0.8425073
13,13,0.77591795
13,16,0.9481348
15,16,0.96522826
16,21,0.8194043
18,2,1.0301514
18,12,0.7796109
18,15,0.9527637
18,16,0.74362546
28,3,0.8824585
29,3,0.76873046
29,26,1.0783789
34,16,1.1535889
