layer,neuron,value
27,16,0.59879637
28,3,0.6147363
28,8,0.8571387
28,9,0.75166017
28,22,0.5859772
28,25,0.8437402
28,29,0.7008984
29,4,0.57221067
29,8,0.7305371
29,9,1.0804492
29,19,0.8189209
29,21,0.6743933
29,22,0.6592773
30,2,0.6124121
30,25,0.752959
