layer,neuron,value
27,16,0.60201174
28,3,0.6082422
28,8,0.8451172
28,9,0.7328711
28,22,0.57907045
28,25,0.848584
28,29,0.6905957
29,4,0.57849854
29,8,0.7250635
29,9,1.0703712
29,19,0.80800784
29,21,0.6736072
29,22,0.664375
30,2,0.6159668
30,25,0.7546875
