layer,neuron,value
15,25,0.62001956
16,18,0.66080076
26,12,0.58617187
26,23,0.6115918
26,25,0.65516114
27,9,0.65625
28,0,0.58830076
30,3,1.0713282
30,5,0.82521486
30,8,0.9401562
30,18,0.9115625
30,20,0.97154295
30,21,0.6752539
32,25,0.8961914
35,23,0.7698828
