layer,neuron,value
14,30,0.06432129
15,9,0.048603363
16,21,0.07957016
17,11,0.041385498
17,36,0.045253295
18,0,0.05020279
18,14,0.04609781
18,18,0.04358154
19,15,0.06448026
19,21,0.04265503
19,39,0.042616423
20,28,0.05718628
21,15,0.04564148
21,17,0.050771486
22,15,0.043363113
22,26,0.045744475
