layer,neuron,value
3,11,1.1080664
9,21,1.208169
14,19,1.2383447
15,3,1.8352929
15,9,1.6810743
15,11,1.8608545
15,12,2.384651
15,21,1.267666
15,25,1.4454297
19,23,1.3567432
29,8,1.1749414
34,16,1.8693213
35,16,1.342461
42,16,1.6845312
43,16,1.3852234
