layer,neuron,value
0,30,0.21808594
32,25,0.22554688
34,16,0.2347461
45,2,0.22902344
45,3,0.2275586
45,6,0.23988281
45,8,0.23933594
45,18,0.22789063
45,22,0.24392578
45,26,0.24638672
45,27,0.23152344
47,5,0.21845703
47,8,0.21990234
47,20,0.21882813
47,26,0.26533204
